motif_id	motif_alt_id	sequence_name	start	stop	strand	score	p-value	q-value	matched_sequence
CMTCTCYCTTCTCMV	MEME-3	chr12	12813092	12813106	+	17.0244	4.91e-07	0.011	CATCTGGCTTCTCCC
CMTCTCYCTTCTCMV	MEME-3	chr12	12813092	12813106	+	17.0244	4.91e-07	0.011	CATCTGGCTTCTCCC
CMTCTCYCTTCTCMV	MEME-3	chr12	12813092	12813106	+	17.0244	4.91e-07	0.011	CATCTGGCTTCTCCC
CMTCTCYCTTCTCMV	MEME-3	chr12	12813092	12813106	+	17.0244	4.91e-07	0.011	CATCTGGCTTCTCCC
CMTCTCYCTTCTCMV	MEME-3	chr12	12813092	12813106	+	17.0244	4.91e-07	0.011	CATCTGGCTTCTCCC
CMTCTCYCTTCTCMV	MEME-3	chr12	12813092	12813106	+	17.0244	4.91e-07	0.011	CATCTGGCTTCTCCC
CMTCTCYCTTCTCMV	MEME-3	chr17	4940631	4940645	+	16.2195	1.18e-06	0.011	CATCTCTCTTCCCTA
CMTCTCYCTTCTCMV	MEME-3	chr17	4940631	4940645	+	16.2195	1.18e-06	0.011	CATCTCTCTTCCCTA
CMTCTCYCTTCTCMV	MEME-3	chr17	4940631	4940645	+	16.2195	1.18e-06	0.011	CATCTCTCTTCCCTA
CMTCTCYCTTCTCMV	MEME-3	chr17	4940631	4940645	+	16.2195	1.18e-06	0.011	CATCTCTCTTCCCTA
CMTCTCYCTTCTCMV	MEME-3	chr19	6241616	6241630	+	16.0854	1.35e-06	0.011	CCTCGCCCTTCGCAA
CMTCTCYCTTCTCMV	MEME-3	chr19	6241616	6241630	+	16.0854	1.35e-06	0.011	CCTCGCCCTTCGCAA
CMTCTCYCTTCTCMV	MEME-3	chr19	6241616	6241630	+	16.0854	1.35e-06	0.011	CCTCGCCCTTCGCAA
CMTCTCYCTTCTCMV	MEME-3	chr19	6241616	6241630	+	16.0854	1.35e-06	0.011	CCTCGCCCTTCGCAA
CMTCTCYCTTCTCMV	MEME-3	chr19	6241616	6241630	+	16.0854	1.35e-06	0.011	CCTCGCCCTTCGCAA
CMTCTCYCTTCTCMV	MEME-3	chr19	6241616	6241630	+	16.0854	1.35e-06	0.011	CCTCGCCCTTCGCAA
CMTCTCYCTTCTCMV	MEME-3	chr19	6241616	6241630	+	16.0854	1.35e-06	0.011	CCTCGCCCTTCGCAA
CMTCTCYCTTCTCMV	MEME-3	chr19	6241616	6241630	+	16.0854	1.35e-06	0.011	CCTCGCCCTTCGCAA
CMTCTCYCTTCTCMV	MEME-3	chr11	117601140	117601154	-	15.7439	1.9e-06	0.0147	CCTCTCCTTCCTCCC
CMTCTCYCTTCTCMV	MEME-3	chr2	28751402	28751416	+	15.0122	3.76e-06	0.0226	CCTCTGCCCGCTCCC
CMTCTCYCTTCTCMV	MEME-3	chr2	28751402	28751416	+	15.0122	3.76e-06	0.0226	CCTCTGCCCGCTCCC
CMTCTCYCTTCTCMV	MEME-3	chr2	28751402	28751416	+	15.0122	3.76e-06	0.0226	CCTCTGCCCGCTCCC
CMTCTCYCTTCTCMV	MEME-3	chr2	28751402	28751416	+	15.0122	3.76e-06	0.0226	CCTCTGCCCGCTCCC
CMTCTCYCTTCTCMV	MEME-3	chr8	123042504	123042518	-	14.9024	4.16e-06	0.0226	CAGCGGCTTTCTCCG
CMTCTCYCTTCTCMV	MEME-3	chr8	123042504	123042518	-	14.9024	4.16e-06	0.0226	CAGCGGCTTTCTCCG
CMTCTCYCTTCTCMV	MEME-3	chr8	123042504	123042518	-	14.9024	4.16e-06	0.0226	CAGCGGCTTTCTCCG
CMTCTCYCTTCTCMV	MEME-3	chr8	123042504	123042518	-	14.9024	4.16e-06	0.0226	CAGCGGCTTTCTCCG
CMTCTCYCTTCTCMV	MEME-3	chr8	25197357	25197371	-	14.5732	5.55e-06	0.028	CCTTTCTTCTCTCCA
CMTCTCYCTTCTCMV	MEME-3	chr8	25197357	25197371	-	14.5732	5.55e-06	0.028	CCTTTCTTCTCTCCA
CMTCTCYCTTCTCMV	MEME-3	chr17	45942282	45942296	+	14.2927	7.02e-06	0.0294	CACCTCTATTCTCAG
CMTCTCYCTTCTCMV	MEME-3	chr17	45942282	45942296	+	14.2927	7.02e-06	0.0294	CACCTCTATTCTCAG
CMTCTCYCTTCTCMV	MEME-3	chr17	45942282	45942296	+	14.2927	7.02e-06	0.0294	CACCTCTATTCTCAG
CMTCTCYCTTCTCMV	MEME-3	chr17	45942282	45942296	+	14.2927	7.02e-06	0.0294	CACCTCTATTCTCAG
CMTCTCYCTTCTCMV	MEME-3	chr17	45942282	45942296	+	14.2927	7.02e-06	0.0294	CACCTCTATTCTCAG
CMTCTCYCTTCTCMV	MEME-3	chr17	45942282	45942296	+	14.2927	7.02e-06	0.0294	CACCTCTATTCTCAG
CMTCTCYCTTCTCMV	MEME-3	chr2	28539162	28539176	+	14.061	8.5e-06	0.0337	TCTCTGTCTTCTCTG
CMTCTCYCTTCTCMV	MEME-3	chr2	28539162	28539176	+	14.061	8.5e-06	0.0337	TCTCTGTCTTCTCTG
CMTCTCYCTTCTCMV	MEME-3	chr7	73683193	73683207	-	13.7439	1.09e-05	0.036	CAGGTCCCTTGTCCA
CMTCTCYCTTCTCMV	MEME-3	chr7	73683193	73683207	-	13.7439	1.09e-05	0.036	CAGGTCCCTTGTCCA
CMTCTCYCTTCTCMV	MEME-3	chr7	73683193	73683207	-	13.7439	1.09e-05	0.036	CAGGTCCCTTGTCCA
CMTCTCYCTTCTCMV	MEME-3	chr7	73683193	73683207	-	13.7439	1.09e-05	0.036	CAGGTCCCTTGTCCA
CMTCTCYCTTCTCMV	MEME-3	chr7	73683193	73683207	-	13.7439	1.09e-05	0.036	CAGGTCCCTTGTCCA
CMTCTCYCTTCTCMV	MEME-3	chr7	73683193	73683207	-	13.7439	1.09e-05	0.036	CAGGTCCCTTGTCCA
CMTCTCYCTTCTCMV	MEME-3	chr16	57131677	57131691	+	13.6463	1.18e-05	0.036	cttctccccACCCCA
CMTCTCYCTTCTCMV	MEME-3	chr16	57131677	57131691	+	13.6463	1.18e-05	0.036	cttctccccACCCCA
CMTCTCYCTTCTCMV	MEME-3	chr16	57131677	57131691	+	13.6463	1.18e-05	0.036	cttctccccACCCCA
CMTCTCYCTTCTCMV	MEME-3	chr16	57131677	57131691	+	13.6463	1.18e-05	0.036	cttctccccACCCCA
CMTCTCYCTTCTCMV	MEME-3	chr16	57131677	57131691	+	13.6463	1.18e-05	0.036	cttctccccACCCCA
CMTCTCYCTTCTCMV	MEME-3	chr17	4940590	4940604	-	13.1341	1.73e-05	0.0487	CCTGTCCTGTCTCCA
CMTCTCYCTTCTCMV	MEME-3	chr17	4940590	4940604	-	13.1341	1.73e-05	0.0487	CCTGTCCTGTCTCCA
CMTCTCYCTTCTCMV	MEME-3	chr17	4940590	4940604	-	13.1341	1.73e-05	0.0487	CCTGTCCTGTCTCCA
CMTCTCYCTTCTCMV	MEME-3	chr17	4940590	4940604	-	13.1341	1.73e-05	0.0487	CCTGTCCTGTCTCCA
CMTCTCYCTTCTCMV	MEME-3	chr13	94707166	94707180	+	13.0854	1.79e-05	0.0496	CCGCTGCTCTCTCAA
CMTCTCYCTTCTCMV	MEME-3	chr17	75506915	75506929	-	12.9024	2.04e-05	0.0526	CCTTTCCACTCCCCA
CMTCTCYCTTCTCMV	MEME-3	chr12	111766941	111766955	+	12.878	2.08e-05	0.0526	CATATGCTTTCCCCC
CMTCTCYCTTCTCMV	MEME-3	chr12	111766941	111766955	+	12.878	2.08e-05	0.0526	CATATGCTTTCCCCC
CMTCTCYCTTCTCMV	MEME-3	chr12	111766941	111766955	+	12.878	2.08e-05	0.0526	CATATGCTTTCCCCC
CMTCTCYCTTCTCMV	MEME-3	chr12	111766941	111766955	+	12.878	2.08e-05	0.0526	CATATGCTTTCCCCC
CMTCTCYCTTCTCMV	MEME-3	chr6	125773360	125773374	+	12.4024	2.89e-05	0.0543	CCTTTGCTCTCCCCC
CMTCTCYCTTCTCMV	MEME-3	chr4	153153236	153153250	-	12.3049	3.08e-05	0.0543	CCTAGCCCTAGTCCC
CMTCTCYCTTCTCMV	MEME-3	chr4	153153236	153153250	-	12.3049	3.08e-05	0.0543	CCTAGCCCTAGTCCC
CMTCTCYCTTCTCMV	MEME-3	chr4	153153236	153153250	-	12.3049	3.08e-05	0.0543	CCTAGCCCTAGTCCC
CMTCTCYCTTCTCMV	MEME-3	chr4	153153236	153153250	-	12.3049	3.08e-05	0.0543	CCTAGCCCTAGTCCC
CMTCTCYCTTCTCMV	MEME-3	chr4	153153236	153153250	-	12.3049	3.08e-05	0.0543	CCTAGCCCTAGTCCC
CMTCTCYCTTCTCMV	MEME-3	chr4	153153297	153153311	-	12.3049	3.08e-05	0.0543	CCTAGCCCTAGTCCC
CMTCTCYCTTCTCMV	MEME-3	chr4	153153297	153153311	-	12.3049	3.08e-05	0.0543	CCTAGCCCTAGTCCC
CMTCTCYCTTCTCMV	MEME-3	chr4	153153297	153153311	-	12.3049	3.08e-05	0.0543	CCTAGCCCTAGTCCC
CMTCTCYCTTCTCMV	MEME-3	chr4	153153297	153153311	-	12.3049	3.08e-05	0.0543	CCTAGCCCTAGTCCC
CMTCTCYCTTCTCMV	MEME-3	chr4	153153297	153153311	-	12.3049	3.08e-05	0.0543	CCTAGCCCTAGTCCC
CMTCTCYCTTCTCMV	MEME-3	chr4	153153346	153153360	-	12.3049	3.08e-05	0.0543	CCTAGCCCTAGTCCC
CMTCTCYCTTCTCMV	MEME-3	chr4	153153346	153153360	-	12.3049	3.08e-05	0.0543	CCTAGCCCTAGTCCC
CMTCTCYCTTCTCMV	MEME-3	chr4	153153346	153153360	-	12.3049	3.08e-05	0.0543	CCTAGCCCTAGTCCC
CMTCTCYCTTCTCMV	MEME-3	chr4	153153346	153153360	-	12.3049	3.08e-05	0.0543	CCTAGCCCTAGTCCC
CMTCTCYCTTCTCMV	MEME-3	chr4	153153346	153153360	-	12.3049	3.08e-05	0.0543	CCTAGCCCTAGTCCC
CMTCTCYCTTCTCMV	MEME-3	chr4	153153389	153153403	-	12.3049	3.08e-05	0.0543	CCTAGCCCTAGTCCC
CMTCTCYCTTCTCMV	MEME-3	chr4	153153389	153153403	-	12.3049	3.08e-05	0.0543	CCTAGCCCTAGTCCC
CMTCTCYCTTCTCMV	MEME-3	chr4	153153389	153153403	-	12.3049	3.08e-05	0.0543	CCTAGCCCTAGTCCC
CMTCTCYCTTCTCMV	MEME-3	chr4	153153389	153153403	-	12.3049	3.08e-05	0.0543	CCTAGCCCTAGTCCC
CMTCTCYCTTCTCMV	MEME-3	chr4	153153432	153153446	-	12.3049	3.08e-05	0.0543	CCTAGCCCTAGTCCC
CMTCTCYCTTCTCMV	MEME-3	chr4	153153432	153153446	-	12.3049	3.08e-05	0.0543	CCTAGCCCTAGTCCC
CMTCTCYCTTCTCMV	MEME-3	chr4	153153432	153153446	-	12.3049	3.08e-05	0.0543	CCTAGCCCTAGTCCC
CMTCTCYCTTCTCMV	MEME-3	chr8	3469742	3469756	-	12.2561	3.18e-05	0.0543	CATATGTCTCCTCCA
CMTCTCYCTTCTCMV	MEME-3	chr8	3469742	3469756	-	12.2561	3.18e-05	0.0543	CATATGTCTCCTCCA
CMTCTCYCTTCTCMV	MEME-3	chr8	3469742	3469756	-	12.2561	3.18e-05	0.0543	CATATGTCTCCTCCA
CMTCTCYCTTCTCMV	MEME-3	chr8	3469742	3469756	-	12.2561	3.18e-05	0.0543	CATATGTCTCCTCCA
CMTCTCYCTTCTCMV	MEME-3	chr8	3469742	3469756	-	12.2561	3.18e-05	0.0543	CATATGTCTCCTCCA
CMTCTCYCTTCTCMV	MEME-3	chr12	12813103	12813117	+	11.9878	3.8e-05	0.0605	TCCCTCCCCTCCCCC
CMTCTCYCTTCTCMV	MEME-3	chr12	12813103	12813117	+	11.9878	3.8e-05	0.0605	TCCCTCCCCTCCCCC
CMTCTCYCTTCTCMV	MEME-3	chr12	12813103	12813117	+	11.9878	3.8e-05	0.0605	TCCCTCCCCTCCCCC
CMTCTCYCTTCTCMV	MEME-3	chr12	12813103	12813117	+	11.9878	3.8e-05	0.0605	TCCCTCCCCTCCCCC
CMTCTCYCTTCTCMV	MEME-3	chr12	12813103	12813117	+	11.9878	3.8e-05	0.0605	TCCCTCCCCTCCCCC
CMTCTCYCTTCTCMV	MEME-3	chr12	12813103	12813117	+	11.9878	3.8e-05	0.0605	TCCCTCCCCTCCCCC
CMTCTCYCTTCTCMV	MEME-3	chr6	112880300	112880314	+	11.939	3.92e-05	0.0618	CCTCTCGGTTCTCAG
CMTCTCYCTTCTCMV	MEME-3	chr2	142334589	142334603	+	11.7317	4.47e-05	0.0692	CATCTGCACTGCCAA
CMTCTCYCTTCTCMV	MEME-3	chr19	30420056	30420070	+	11.6341	4.75e-05	0.0692	TATGTCTCTTGTCAC
CMTCTCYCTTCTCMV	MEME-3	chr19	30420056	30420070	+	11.6341	4.75e-05	0.0692	TATGTCTCTTGTCAC
CMTCTCYCTTCTCMV	MEME-3	chr19	30420056	30420070	+	11.6341	4.75e-05	0.0692	TATGTCTCTTGTCAC
CMTCTCYCTTCTCMV	MEME-3	chr12	12813099	12813113	+	11.5976	4.86e-05	0.0692	CTTCTCCCTCCCCTC
CMTCTCYCTTCTCMV	MEME-3	chr12	12813099	12813113	+	11.5976	4.86e-05	0.0692	CTTCTCCCTCCCCTC
CMTCTCYCTTCTCMV	MEME-3	chr12	12813099	12813113	+	11.5976	4.86e-05	0.0692	CTTCTCCCTCCCCTC
CMTCTCYCTTCTCMV	MEME-3	chr12	12813099	12813113	+	11.5976	4.86e-05	0.0692	CTTCTCCCTCCCCTC
CMTCTCYCTTCTCMV	MEME-3	chr12	12813099	12813113	+	11.5976	4.86e-05	0.0692	CTTCTCCCTCCCCTC
CMTCTCYCTTCTCMV	MEME-3	chr12	12813099	12813113	+	11.5976	4.86e-05	0.0692	CTTCTCCCTCCCCTC
CMTCTCYCTTCTCMV	MEME-3	chr2	28538978	28538992	+	11.5244	5.08e-05	0.0707	CCCCTCCTCTCCCTG
CMTCTCYCTTCTCMV	MEME-3	chr2	28538978	28538992	+	11.5244	5.08e-05	0.0707	CCCCTCCTCTCCCTG
CMTCTCYCTTCTCMV	MEME-3	chr11	117601300	117601314	+	11.4512	5.31e-05	0.0707	CCCCTCCCCCCTCTA
CMTCTCYCTTCTCMV	MEME-3	chr1	19251545	19251559	-	11.439	5.36e-05	0.0707	TATTTGCTTTCTCTG
CMTCTCYCTTCTCMV	MEME-3	chr1	19251545	19251559	-	11.439	5.36e-05	0.0707	TATTTGCTTTCTCTG
CMTCTCYCTTCTCMV	MEME-3	chr1	19251545	19251559	-	11.439	5.36e-05	0.0707	TATTTGCTTTCTCTG
CMTCTCYCTTCTCMV	MEME-3	chr1	19251545	19251559	-	11.439	5.36e-05	0.0707	TATTTGCTTTCTCTG
CMTCTCYCTTCTCMV	MEME-3	chr1	19251545	19251559	-	11.439	5.36e-05	0.0707	TATTTGCTTTCTCTG
CMTCTCYCTTCTCMV	MEME-3	chr8	25197489	25197503	+	11.3659	5.6e-05	0.0726	TTGCTCCATTCTCCA
CMTCTCYCTTCTCMV	MEME-3	chr8	25197489	25197503	+	11.3659	5.6e-05	0.0726	TTGCTCCATTCTCCA
CMTCTCYCTTCTCMV	MEME-3	chr17	4940592	4940606	-	11.1341	6.43e-05	0.0804	CACCTGTCCTGTCTC
CMTCTCYCTTCTCMV	MEME-3	chr17	4940592	4940606	-	11.1341	6.43e-05	0.0804	CACCTGTCCTGTCTC
CMTCTCYCTTCTCMV	MEME-3	chr17	4940592	4940606	-	11.1341	6.43e-05	0.0804	CACCTGTCCTGTCTC
CMTCTCYCTTCTCMV	MEME-3	chr17	4940592	4940606	-	11.1341	6.43e-05	0.0804	CACCTGTCCTGTCTC
CMTCTCYCTTCTCMV	MEME-3	chr3	30199289	30199303	-	11.122	6.47e-05	0.0804	TTGCTCTTTTCTCCC
CMTCTCYCTTCTCMV	MEME-3	chr6	32853722	32853736	+	10.9146	7.3e-05	0.085	CATTTGTCTTCCCGG
CMTCTCYCTTCTCMV	MEME-3	chr6	32853722	32853736	+	10.9146	7.3e-05	0.085	CATTTGTCTTCCCGG
CMTCTCYCTTCTCMV	MEME-3	chr6	32853722	32853736	+	10.9146	7.3e-05	0.085	CATTTGTCTTCCCGG
CMTCTCYCTTCTCMV	MEME-3	chr6	32853722	32853736	+	10.9146	7.3e-05	0.085	CATTTGTCTTCCCGG
CMTCTCYCTTCTCMV	MEME-3	chr8	123042331	123042345	+	10.9146	7.3e-05	0.085	CACCGCCATTGGCCC
CMTCTCYCTTCTCMV	MEME-3	chr8	123042331	123042345	+	10.9146	7.3e-05	0.085	CACCGCCATTGGCCC
CMTCTCYCTTCTCMV	MEME-3	chr8	123042331	123042345	+	10.9146	7.3e-05	0.085	CACCGCCATTGGCCC
CMTCTCYCTTCTCMV	MEME-3	chr8	123042331	123042345	+	10.9146	7.3e-05	0.085	CACCGCCATTGGCCC
CMTCTCYCTTCTCMV	MEME-3	chr7	73358117	73358131	-	10.878	7.46e-05	0.0854	CTCCTCTCTTGCCAG
CMTCTCYCTTCTCMV	MEME-3	chr7	73358117	73358131	-	10.878	7.46e-05	0.0854	CTCCTCTCTTGCCAG
CMTCTCYCTTCTCMV	MEME-3	chr11	117601191	117601205	+	10.7439	8.05e-05	0.0883	CCCCTCCATCCTCTA
CMTCTCYCTTCTCMV	MEME-3	chr4	107979517	107979531	+	10.7195	8.16e-05	0.0883	ccctggccttgtcac
CMTCTCYCTTCTCMV	MEME-3	chr4	107979517	107979531	+	10.7195	8.16e-05	0.0883	ccctggccttgtcac
CMTCTCYCTTCTCMV	MEME-3	chr4	107979517	107979531	+	10.7195	8.16e-05	0.0883	ccctggccttgtcac
CMTCTCYCTTCTCMV	MEME-3	chr4	107979517	107979531	+	10.7195	8.16e-05	0.0883	ccctggccttgtcac
CMTCTCYCTTCTCMV	MEME-3	chr1	19251421	19251435	-	10.5854	8.79e-05	0.0883	TCTCTCCACACTCTG
CMTCTCYCTTCTCMV	MEME-3	chr1	19251421	19251435	-	10.5854	8.79e-05	0.0883	TCTCTCCACACTCTG
CMTCTCYCTTCTCMV	MEME-3	chr1	19251421	19251435	-	10.5854	8.79e-05	0.0883	TCTCTCCACACTCTG
CMTCTCYCTTCTCMV	MEME-3	chr1	19251421	19251435	-	10.5854	8.79e-05	0.0883	TCTCTCCACACTCTG
CMTCTCYCTTCTCMV	MEME-3	chr1	19251421	19251435	-	10.5854	8.79e-05	0.0883	TCTCTCCACACTCTG
CMTCTCYCTTCTCMV	MEME-3	chr4	153153211	153153225	-	10.5854	8.79e-05	0.0883	CCTAGCCCTAGCCCC
CMTCTCYCTTCTCMV	MEME-3	chr4	153153211	153153225	-	10.5854	8.79e-05	0.0883	CCTAGCCCTAGCCCC
CMTCTCYCTTCTCMV	MEME-3	chr4	153153211	153153225	-	10.5854	8.79e-05	0.0883	CCTAGCCCTAGCCCC
CMTCTCYCTTCTCMV	MEME-3	chr4	153153211	153153225	-	10.5854	8.79e-05	0.0883	CCTAGCCCTAGCCCC
CMTCTCYCTTCTCMV	MEME-3	chr4	153153211	153153225	-	10.5854	8.79e-05	0.0883	CCTAGCCCTAGCCCC
CMTCTCYCTTCTCMV	MEME-3	chr8	123042337	123042351	+	10.5732	8.86e-05	0.0883	CATTGGCCCGCCCCG
CMTCTCYCTTCTCMV	MEME-3	chr8	123042337	123042351	+	10.5732	8.86e-05	0.0883	CATTGGCCCGCCCCG
CMTCTCYCTTCTCMV	MEME-3	chr8	123042337	123042351	+	10.5732	8.86e-05	0.0883	CATTGGCCCGCCCCG
CMTCTCYCTTCTCMV	MEME-3	chr8	123042337	123042351	+	10.5732	8.86e-05	0.0883	CATTGGCCCGCCCCG
CMTCTCYCTTCTCMV	MEME-3	chr1	7313221	7313235	-	10.5244	9.1e-05	0.0901	CTGCTGCCTGCCCCA
CMTCTCYCTTCTCMV	MEME-3	chr8	91867342	91867356	+	10.378	9.86e-05	0.097	CACCGCCTCCCTCAA

# FIMO (Find Individual Motif Occurrences): Version 5.5.8 compiled on May 19 2025 at 00:33:57
# The format of this file is described at https://meme-suite.org/meme/doc/fimo-output-format.html#tsv_results.
# fimo --verbosity 1 --oc IP_meme/fimo_out_2 --bgfile IP_meme/background --motif CMTCTCYCTTCTCMV IP_meme/meme_out/meme.xml IP_meme/RobustPeaks.resized.bed.fa
