MOTIF_SOURCE	MOTIF_ID	ALT_ID	CONSENSUS	SITES	E.VALUE	E.VALUE_SOURCE
MEME	GHKGCCAVWSAGKGG	MEME-1	GHKGCCAVWSAGKGG	30	1.2e-29	MEME
MEME	CMTCTCYCTTCTCMV	MEME-3	CMTCTCYCTTCTCMV	59	1.4e-25	MEME
MEME	TKSCATGCTTSCYTG	MEME-2	TKSCATGCTTSCYTG	15	2e-25	MEME
jaspar.meme	MA0739.1	Hic1	RTGCCAACY	133	0.00023	CENTRIMO
jaspar.meme	MA1618.1	Ptf1a	NNACAGATGTTNN	139	0.00046	CENTRIMO
jaspar.meme	MA0698.1	ZBTB18	NATCCAGATGTKB	93	0.0011	CENTRIMO
jaspar.meme	MA0832.1	Tcf21	RYAACAGCTGTTRN	26	0.0012	CENTRIMO
jaspar.meme	MA0521.1	Tcf12	RACAGCTGSNV	85	0.0016	CENTRIMO
jaspar.meme	MA0101.1	REL	BGGRNWTTCC	116	0.002	CENTRIMO
jaspar.meme	MA0783.1	PKNOX2	TGACAGGTGTCA	17	0.0024	CENTRIMO
jaspar.meme	MA1522.1	MAZ	BBCCCCTCCCY	91	0.0039	CENTRIMO
jaspar.meme	MA0738.1	HIC2	RTGCCCRSB	151	0.01	CENTRIMO
jaspar.meme	MA0500.2	MYOG	NDRCAGCTGYHN	122	0.012	CENTRIMO
jaspar.meme	MA1641.1	MYF5	NVACAGCTGTBN	125	0.015	CENTRIMO
jaspar.meme	MA0669.1	NEUROG2	RACATATGTC	74	0.015	CENTRIMO
jaspar.meme	MA0048.2	NHLH1	CGCAGCTGCK	99	0.015	CENTRIMO
jaspar.meme	MA1619.1	Ptf1a(var.2)	NNACAGCTGTNN	127	0.018	CENTRIMO
STREME	4-RCAAGGVAGCW	STREME-4	RCAAGGVAGCW	31	0.025	STREME
jaspar.meme	MA1635.1	BHLHE22(var.2)	NVCAGCTGBN	60	0.034	CENTRIMO
jaspar.meme	MA1550.1	PPARD	HRRGGTCAAAGGTCAN	25	0.034	CENTRIMO
jaspar.meme	MA1653.1	ZNF148	YBCCCCTCCCCC	109	0.046	CENTRIMO
STREME	2-CAGATGS	STREME-2	CAGATGS	75	0.05	STREME
				NA	NA	
				NA	NA	
				NA	NA	
