db_index	motif_id	motif_alt_id	consensus	E-value	adj_p-value	log_adj_p-value	bin_location	bin_width	total_width	sites_in_bin	total_sites	p_success	p-value	mult_tests
   1	CMTCTCYCTTCTCMV	MEME-3	CMTCTCYCTTCTCMV	1.1e-11	   1.4e-14	         -31.87	         0.0	     86.0	        486	          67	        136	  0.17695	6.0e-17	       242
   1	GHKGCCAVWSAGKGG	MEME-1	GHKGCCAVWSAGKGG	9.8e-10	   1.3e-12	         -27.37	         0.0	     92.0	        486	          35	         50	  0.18930	5.4e-15	       242
   1	TKSCATGCTTSCYTG	MEME-2	TKSCATGCTTSCYTG	1.3e-5	   1.7e-8	         -17.90	         0.0	     86.0	        486	          15	         16	  0.17695	7.0e-11	       242
   3	MA0739.1	Hic1	RTGCCAACY	2.3e-4	   3.1e-7	         -14.99	         0.0	      6.0	        492	          14	        133	  0.01220	1.3e-9	       245
   3	MA1618.1	Ptf1a	NNACAGATGTTNN	4.6e-4	   6.1e-7	         -14.31	         0.0	      6.0	        488	          14	        139	  0.01230	2.5e-9	       243
   3	MA0698.1	ZBTB18	NATCCAGATGTKB	1.1e-3	   1.4e-6	         -13.48	         0.0	    142.0	        488	          54	         93	  0.29098	5.8e-9	       243
   3	MA0832.1	Tcf21	RYAACAGCTGTTRN	1.2e-3	   1.6e-6	         -13.33	         0.0	      5.0	        487	           7	         26	  0.01027	6.7e-9	       243
   3	MA0521.1	Tcf12	RACAGCTGSNV	1.6e-3	   2.1e-6	         -13.07	         0.0	      6.0	        490	          11	         85	  0.01224	8.6e-9	       244
   3	MA0101.1	REL	BGGRNWTTCC	2.0e-3	   2.7e-6	         -12.84	         0.0	    223.0	        491	          83	        116	  0.45418	1.1e-8	       245
   3	MA0783.1	PKNOX2	TGACAGGTGTCA	2.4e-3	   3.1e-6	         -12.67	         0.0	      5.0	        489	           6	         17	  0.01022	1.3e-8	       244
   3	MA1522.1	MAZ	BBCCCCTCCCY	3.9e-3	   5.1e-6	         -12.18	         0.0	     68.0	        490	          34	         91	  0.13878	2.1e-8	       244
   3	MA0738.1	HIC2	RTGCCCRSB	1.0e-2	   1.4e-5	         -11.21	         0.0	      6.0	        492	          13	        151	  0.01220	5.5e-8	       245
   3	MA0500.2	MYOG	NDRCAGCTGYHN	1.2e-2	   1.5e-5	         -11.08	         0.0	      5.0	        489	          11	        122	  0.01022	6.3e-8	       244
   3	MA1641.1	MYF5	NVACAGCTGTBN	1.5e-2	   2.0e-5	         -10.83	         0.0	      5.0	        489	          11	        125	  0.01022	8.1e-8	       244
   3	MA0669.1	NEUROG2	RACATATGTC	1.5e-2	   2.0e-5	         -10.82	         0.0	     87.0	        491	          33	         74	  0.17719	8.1e-8	       245
   3	MA0048.2	NHLH1	CGCAGCTGCK	1.5e-2	   2.0e-5	         -10.82	         0.0	      5.0	        491	          10	         99	  0.01018	8.2e-8	       245
   3	MA1619.1	Ptf1a(var.2)	NNACAGCTGTNN	1.8e-2	   2.3e-5	         -10.66	         0.0	      5.0	        489	          11	        127	  0.01022	9.6e-8	       244
   2	4-RCAAGGVAGCW	STREME-4	RCAAGGVAGCW	2.5e-2	   3.3e-5	         -10.32	         0.0	    254.0	        490	          94	        126	  0.51837	1.4e-7	       244
   3	MA1635.1	BHLHE22(var.2)	NVCAGCTGBN	3.4e-2	   4.5e-5	         -10.00	         0.0	      5.0	        491	           8	         60	  0.01018	1.8e-7	       245
   3	MA1550.1	PPARD	HRRGGTCAAAGGTCAN	3.4e-2	   4.5e-5	         -10.00	         0.0	    261.0	        485	          25	         25	  0.53814	1.9e-7	       242
   3	MA1653.1	ZNF148	YBCCCCTCCCCC	4.6e-2	   6.0e-5	          -9.71	         0.0	     41.0	        489	          27	        109	  0.08384	2.5e-7	       244
   2	2-CAGATGS	STREME-2	CAGATGS	5.0e-2	   6.6e-5	          -9.62	         0.0	     88.0	        494	          50	        137	  0.17814	2.7e-7	       246
   3	MA1109.1	NEUROD1	NRACAGATGGYNN	5.5e-2	   7.2e-5	          -9.53	         0.0	      6.0	        488	          12	        145	  0.01230	3.0e-7	       243
   3	MA0059.1	MAX::MYC	RASCACGTGGT	6.4e-2	   8.5e-5	          -9.37	         0.0	    148.0	        490	          34	         53	  0.30204	3.5e-7	       244
   3	MA1563.1	SOX18	VACAAYGS	6.6e-2	   8.7e-5	          -9.35	         0.0	     29.0	        493	          27	        154	  0.05882	3.5e-7	       246
   3	MA0144.2	STAT3	YTTCYKGGAAD	8.3e-2	   1.1e-4	          -9.12	         0.0	    342.0	        490	          94	        104	  0.69796	4.5e-7	       244
   3	MA0809.2	TEAD4	NNACATTCCARN	8.6e-2	   1.1e-4	          -9.08	         0.0	    217.0	        489	          81	        121	  0.44376	4.7e-7	       244
   3	MA0778.1	NFKB2	AGGGGAWTCCCCY	1.0e-1	   1.4e-4	          -8.90	         0.0	     12.0	        488	           6	         14	  0.02459	5.6e-7	       243
   3	MA0691.1	TFAP4	AWCAGCTGWT	1.0e-1	   1.4e-4	          -8.90	         0.0	      5.0	        491	           8	         69	  0.01018	5.6e-7	       245
   3	MA1629.1	Zic2	NDCACAGCAGGDRG	1.0e-1	   1.4e-4	          -8.88	         0.0	    387.0	        487	         119	        125	  0.79466	5.7e-7	       243
   3	MA0736.1	GLIS2	GACCCCCCGCRAMG	1.2e-1	   1.6e-4	          -8.76	         0.0	     33.0	        487	          11	         27	  0.06776	6.5e-7	       243
   3	MA1467.1	ATOH1(var.2)	AACAGCTGTC	2.1e-1	   2.8e-4	          -8.17	         0.0	      5.0	        491	           9	        102	  0.01018	1.2e-6	       245
   3	MA1620.1	Ptf1a(var.3)	NVACACCTGTNN	2.3e-1	   3.1e-4	          -8.09	         0.0	      5.0	        489	          10	        132	  0.01022	1.3e-6	       244
   3	MA1621.1	Rbpjl	NNVACACCTGTBNN	2.6e-1	   3.4e-4	          -7.99	         0.0	      5.0	        487	          10	        133	  0.01027	1.4e-6	       243
   3	MA1123.2	TWIST1	NNDCCAGATGTBN	2.6e-1	   3.4e-4	          -7.99	         0.0	      8.0	        488	          13	        150	  0.01639	1.4e-6	       243
   3	MA0479.1	FOXH1	BNSAATCCACA	3.4e-1	   4.4e-4	          -7.72	         0.0	    114.0	        490	          38	         80	  0.23265	1.8e-6	       244
   3	MA0797.1	TGIF2	TGACAGSTGTCA	4.4e-1	   5.8e-4	          -7.45	         0.0	      5.0	        489	           6	         38	  0.01022	2.4e-6	       244
   3	MA1100.2	ASCL1	VGCAGCTGCN	4.9e-1	   6.5e-4	          -7.33	         0.0	      5.0	        491	          10	        144	  0.01018	2.7e-6	       245
   3	MA0141.3	ESRRB	TCAAGGTCAWW	5.3e-1	   7.0e-4	          -7.27	         0.0	     48.0	        490	          13	         31	  0.09796	2.9e-6	       244
   3	MA0816.1	Ascl2	ARCAGCTGCY	5.4e-1	   7.1e-4	          -7.24	         0.0	      5.0	        491	           9	        114	  0.01018	2.9e-6	       245
   2	1-ATTGTG	STREME-1	ATTGTG	5.6e-1	   7.5e-4	          -7.20	         0.0	     31.0	        495	          26	        152	  0.06263	3.0e-6	       247
   3	MA0116.1	Znf423	GSMMCCYARGGKKBM	5.9e-1	   7.9e-4	          -7.15	         0.0	     82.0	        486	          10	         13	  0.16872	3.2e-6	       242
   3	MA0259.1	ARNT::HIF1A	VBACGTGC	6.4e-1	   8.5e-4	          -7.07	         0.0	    299.0	        493	          69	         82	  0.60649	3.5e-6	       246
   3	MA1106.1	HIF1A	SBACGTGCNN	7.3e-1	   9.7e-4	          -6.94	         0.0	    281.0	        491	          51	         60	  0.57230	4.0e-6	       245
   3	MA1642.1	NEUROG2(var.2)	NNVACAGATGGNN	7.8e-1	   1.0e-3	          -6.88	         0.0	      8.0	        488	          12	        141	  0.01639	4.3e-6	       243
   3	MA0597.1	THAP1	YTGCCCDBA	8.3e-1	   1.1e-3	          -6.81	         0.0	     82.0	        492	          48	        153	  0.16667	4.5e-6	       245
   3	MA0737.1	GLIS3	GACCCCCCACGAAG	8.7e-1	   1.1e-3	          -6.77	         0.0	     31.0	        487	           6	          9	  0.06366	4.7e-6	       243
   3	MA0820.1	FIGLA	WMCACCTGKW	8.8e-1	   1.2e-3	          -6.75	         0.0	      5.0	        491	           9	        121	  0.01018	4.8e-6	       245
   3	MA0607.1	Bhlha15	SCATATGT	9.8e-1	   1.3e-3	          -6.64	         0.0	      5.0	        493	           8	         93	  0.01014	5.3e-6	       246
   3	MA0799.1	RFX4	NGTWRCCATGGYWACS	1.1e0	   1.5e-3	          -6.53	         0.0	    205.0	        485	          21	         24	  0.42268	6.0e-6	       242
   3	MA1593.1	ZNF317	WVACAGCAGAYW	1.1e0	   1.5e-3	          -6.52	         0.0	     23.0	        489	          21	        147	  0.04703	6.0e-6	       244
   3	MA1122.1	TFDP1	VSGCGGGAAVN	1.1e0	   1.5e-3	          -6.51	         0.0	    188.0	        490	          61	        101	  0.38367	6.1e-6	       244
   3	MA1638.1	HAND2	NVCAGATGNN	1.2e0	   1.5e-3	          -6.49	         0.0	    233.0	        491	          76	        111	  0.47454	6.2e-6	       245
   3	MA0499.2	MYOD1	NNGCACCTGTCNB	1.2e0	   1.6e-3	          -6.41	         0.0	      6.0	        488	          10	        133	  0.01230	6.7e-6	       243
   3	MA1574.1	THRB	RRGGTCAAAGGTCAN	1.4e0	   1.9e-3	          -6.26	         0.0	    236.0	        486	          51	         68	  0.48560	7.9e-6	       242
   3	MA0808.1	TEAD3	RCATTCCW	1.5e0	   2.0e-3	          -6.22	         0.0	    193.0	        493	          56	         90	  0.39148	8.1e-6	       246
   3	MA0461.2	Atoh1	RMCATATGBY	1.7e0	   2.2e-3	          -6.11	         0.0	      5.0	        491	           9	        131	  0.01018	9.1e-6	       245
   3	MA0751.1	ZIC4	GRCCCCCCGCKGYGH	1.9e0	   2.5e-3	          -6.00	         0.0	    320.0	        486	          83	         97	  0.65844	1.0e-5	       242
   3	MA0827.1	OLIG3	AMCATATGBY	1.9e0	   2.5e-3	          -5.99	         0.0	    207.0	        491	          67	        106	  0.42159	1.0e-5	       245
   3	MA1472.1	BHLHA15(var.2)	RVCAGCTGYB	1.9e0	   2.6e-3	          -5.96	         0.0	      7.0	        491	          11	        148	  0.01426	1.1e-5	       245
   3	MA1644.1	NFYC	RDCCAATCASN	2.0e0	   2.7e-3	          -5.91	         0.0	    192.0	        490	          72	        123	  0.39184	1.1e-5	       244
   3	MA0696.1	ZIC1	GACCCCCYGCTGTG	2.1e0	   2.8e-3	          -5.88	         0.0	    329.0	        487	          29	         29	  0.67556	1.1e-5	       243
   3	MA1114.1	PBX3	NNNTGAGTGACAGGBNN	2.1e0	   2.8e-3	          -5.87	         0.0	    376.0	        484	         127	        138	  0.77686	1.2e-5	       241
   3	MA1616.1	Prdm15	NRGAAAACCTGGAVN	2.3e0	   3.1e-3	          -5.77	         0.0	    170.0	        486	          69	        129	  0.34979	1.3e-5	       242
   3	MA1148.1	PPARA::RXRA	AWNTRGGTYAAAGGTCAN	2.6e0	   3.5e-3	          -5.65	         0.0	    205.0	        483	          83	        137	  0.42443	1.5e-5	       241
   3	MA0861.1	TP73	DRCATGTCNNRACAYGYM	2.7e0	   3.6e-3	          -5.63	         0.0	    151.0	        483	          21	         30	  0.31263	1.5e-5	       241
   3	MA0671.1	NFIX	NNTGCCAAN	3.0e0	   3.9e-3	          -5.54	         0.0	      6.0	        492	          10	        148	  0.01220	1.6e-5	       245
   3	MA1491.1	GLI3	VGACCACCCACGDHG	3.2e0	   4.2e-3	          -5.46	         0.0	     24.0	        486	          11	         48	  0.04938	1.8e-5	       242
   3	MA1583.1	ZFP57	NNVTTGCCGCANN	3.2e0	   4.3e-3	          -5.45	         0.0	    236.0	        488	          44	         58	  0.48361	1.8e-5	       243
   3	MA0771.1	HSF4	TTCTAGAABNTTC	3.6e0	   4.7e-3	          -5.36	         0.0	      6.0	        488	           8	         92	  0.01230	1.9e-5	       243
   3	MA1578.1	VEZF1	CCCCCCMYDH	4.6e0	   6.1e-3	          -5.09	         0.0	      3.0	        491	           5	         56	  0.00611	2.5e-5	       245
   3	MA0507.1	POU2F2	YDNATTTGCATRT	5.0e0	   6.7e-3	          -5.01	         0.0	      4.0	        488	           6	         71	  0.00820	2.8e-5	       243
   2	5-GATTAGC	STREME-5	GATTAGC	5.1e0	   6.7e-3	          -5.00	         0.0	     88.0	        494	          38	        112	  0.17814	2.7e-5	       246
   3	MA0664.1	MLXIPL	RTCACGTGAT	5.2e0	   6.9e-3	          -4.98	         0.0	    149.0	        491	          35	         63	  0.30346	2.8e-5	       245
   3	MA0519.1	Stat5a::Stat5b	DTTTCCMAGAA	5.2e0	   6.9e-3	          -4.98	         0.0	    292.0	        490	          77	         97	  0.59592	2.8e-5	       244
   3	MA0595.1	SREBF1	VTCACCCCAY	5.2e0	   6.9e-3	          -4.97	         0.0	    223.0	        491	          42	         58	  0.45418	2.8e-5	       245
   3	MA1560.1	SOHLH2	YGCACGTGCN	6.1e0	   8.1e-3	          -4.82	         0.0	    135.0	        491	          37	         74	  0.27495	3.3e-5	       245
   3	MA1599.1	ZNF682	BVGGCYAAGCCCCWNY	6.1e0	   8.1e-3	          -4.81	         0.0	     13.0	        485	          11	         91	  0.02680	3.4e-5	       242
   3	MA1570.1	TFAP4(var.2)	AHCATRTGDT	6.5e0	   8.6e-3	          -4.75	         0.0	      5.0	        491	           8	        120	  0.01018	3.5e-5	       245
   3	MA1115.1	POU5F1	WHATGCAAATN	7.1e0	   9.4e-3	          -4.67	         0.0	      8.0	        490	          11	        136	  0.01633	3.9e-5	       244
   3	MA0078.1	Sox17	NHYATTGTS	7.4e0	   9.8e-3	          -4.62	         0.0	     28.0	        492	          22	        149	  0.05691	4.0e-5	       245
   3	MA0107.1	RELA	GGGRATTTCC	7.8e0	   1.0e-2	          -4.58	         0.0	     15.0	        491	           8	         43	  0.03055	4.2e-5	       245
   3	MA0745.2	SNAI2	NBGCACCTGTMNY	8.0e0	   1.1e-2	          -4.54	         0.0	      6.0	        488	           8	        103	  0.01230	4.4e-5	       243
   3	MA1631.1	ASCL1(var.2)	NNGCACCTGCYNB	9.1e0	   1.2e-2	          -4.42	         0.0	      6.0	        488	           9	        135	  0.01230	5.0e-5	       243

# CentriMo (Local Motif Enrichment Analysis): Version 5.5.8 compiled on May 19 2025 at 00:33:57
# The format of this file is described at https://meme-suite.org/meme/doc/centrimo-output-format.html.
# centrimo -seqlen 500 -verbosity 1 -oc IP_meme/centrimo_out -bfile IP_meme/background IP_meme/RobustPeaks.resized.bed.fa IP_meme/meme_out/meme.xml IP_meme/streme_out/streme.xml jaspar.meme
