motif_ID	motif_ALT_ID	seq_ID	site_Start	site_End	site_Strand	site_Score	site_Sequence
1-ATTGTG	STREME-1	chr7	73683170	73683175	+	10.39	ATTGTG
1-ATTGTG	STREME-1	chr19	30420082	30420087	+	10.39	ATTGTG
1-ATTGTG	STREME-1	chr19	30420122	30420127	-	10.39	ATTGTG
1-ATTGTG	STREME-1	chr12	49974586	49974591	+	10.39	ATTGTG
1-ATTGTG	STREME-1	chr13	94706833	94706838	-	10.39	ATTGTG
1-ATTGTG	STREME-1	chr13	94706837	94706842	+	10.39	ATTGTG
1-ATTGTG	STREME-1	chr7	73683170	73683175	+	10.39	ATTGTG
1-ATTGTG	STREME-1	chr16	57131610	57131615	+	10.39	ATTGTG
1-ATTGTG	STREME-1	chr12	49974586	49974591	+	10.39	ATTGTG
1-ATTGTG	STREME-1	chr1	19251532	19251537	-	10.39	ATTGTG
1-ATTGTG	STREME-1	chr2	28539208	28539213	+	10.39	ATTGTG
1-ATTGTG	STREME-1	chr1	19251532	19251537	-	10.39	ATTGTG
1-ATTGTG	STREME-1	chr1	19251532	19251537	-	10.39	ATTGTG
1-ATTGTG	STREME-1	chr7	73683170	73683175	+	10.39	ATTGTG
1-ATTGTG	STREME-1	chr7	73683170	73683175	+	10.39	ATTGTG
1-ATTGTG	STREME-1	chr19	30420082	30420087	+	10.39	ATTGTG
1-ATTGTG	STREME-1	chr1	19251532	19251537	-	10.39	ATTGTG
1-ATTGTG	STREME-1	chr11	72750407	72750412	-	10.39	ATTGTG
1-ATTGTG	STREME-1	chr19	30420082	30420087	+	10.39	ATTGTG
1-ATTGTG	STREME-1	chr12	49974586	49974591	+	10.39	ATTGTG
1-ATTGTG	STREME-1	chr7	73683170	73683175	+	10.39	ATTGTG
1-ATTGTG	STREME-1	chr7	73683170	73683175	+	10.39	ATTGTG
1-ATTGTG	STREME-1	chr1	19251532	19251537	-	10.39	ATTGTG
1-ATTGTG	STREME-1	chr17	45942231	45942236	-	8.16	ATCGTG
1-ATTGTG	STREME-1	chr17	45942231	45942236	-	8.16	ATCGTG
1-ATTGTG	STREME-1	chr6	37658379	37658384	+	8.16	ATCGTG
1-ATTGTG	STREME-1	chr19	6241626	6241631	-	7.52	ATTGCG
1-ATTGTG	STREME-1	chr19	6241626	6241631	-	7.52	ATTGCG
1-ATTGTG	STREME-1	chr19	6241626	6241631	-	7.52	ATTGCG
1-ATTGTG	STREME-1	chr19	6241626	6241631	-	7.52	ATTGCG
1-ATTGTG	STREME-1	chr19	6241626	6241631	-	7.52	ATTGCG
1-ATTGTG	STREME-1	chr19	6241626	6241631	-	7.52	ATTGCG
1-ATTGTG	STREME-1	chr17	73770972	73770977	-	6.44	ATAGTG
1-ATTGTG	STREME-1	chr17	73770972	73770977	-	6.44	ATAGTG
1-ATTGTG	STREME-1	chr1	19251536	19251541	+	6.44	ATAGTG
1-ATTGTG	STREME-1	chr1	19251536	19251541	+	6.44	ATAGTG
1-ATTGTG	STREME-1	chr1	19251536	19251541	+	6.44	ATAGTG
1-ATTGTG	STREME-1	chr17	73770972	73770977	-	6.44	ATAGTG
1-ATTGTG	STREME-1	chr1	19251536	19251541	+	6.44	ATAGTG
1-ATTGTG	STREME-1	chr17	73770972	73770977	-	6.44	ATAGTG
1-ATTGTG	STREME-1	chr1	43358505	43358510	+	6.44	ATAGTG
1-ATTGTG	STREME-1	chr1	19251536	19251541	+	6.44	ATAGTG
1-ATTGTG	STREME-1	chr17	75507099	75507104	+	6.44	ATAGTG
1-ATTGTG	STREME-1	chr6	32853739	32853744	+	6.27	ATTGTA
1-ATTGTG	STREME-1	chr11	47642206	47642211	-	6.27	ATTGTA
1-ATTGTG	STREME-1	chr6	32853739	32853744	+	6.27	ATTGTA
1-ATTGTG	STREME-1	chr6	32969347	32969352	-	6.27	ATTGTA
1-ATTGTG	STREME-1	chr11	47642206	47642211	-	6.27	ATTGTA
1-ATTGTG	STREME-1	chr6	32853739	32853744	+	6.27	ATTGTA
1-ATTGTG	STREME-1	chr11	47642206	47642211	-	6.27	ATTGTA
1-ATTGTG	STREME-1	chr6	32853739	32853744	+	6.27	ATTGTA
1-ATTGTG	STREME-1	chr11	47642206	47642211	-	6.27	ATTGTA
#
2-CAGATGS	STREME-2	chr8	123042480	123042486	-	11.52	CGGATGC
2-CAGATGS	STREME-2	chr8	123042480	123042486	-	11.52	CGGATGC
2-CAGATGS	STREME-2	chr8	123042480	123042486	-	11.52	CGGATGC
2-CAGATGS	STREME-2	chr8	123042480	123042486	-	11.52	CGGATGC
2-CAGATGS	STREME-2	chr1	19251517	19251523	-	11.35	CAGATCG
2-CAGATGS	STREME-2	chr1	19251517	19251523	-	11.35	CAGATCG
2-CAGATGS	STREME-2	chr1	19251517	19251523	-	11.35	CAGATCG
2-CAGATGS	STREME-2	chr1	19251517	19251523	-	11.35	CAGATCG
2-CAGATGS	STREME-2	chr6	37658335	37658341	+	11.35	CAGATCG
2-CAGATGS	STREME-2	chr1	19251517	19251523	-	11.35	CAGATCG
2-CAGATGS	STREME-2	chr12	12813091	12813097	-	11.22	CAGATGC
2-CAGATGS	STREME-2	chr4	48779740	48779746	-	11.22	CAGATGC
2-CAGATGS	STREME-2	chr12	110183721	110183727	-	11.22	CAGATGC
2-CAGATGS	STREME-2	chr12	12813091	12813097	-	11.22	CAGATGC
2-CAGATGS	STREME-2	chr12	12813091	12813097	-	11.22	CAGATGC
2-CAGATGS	STREME-2	chr6	112880277	112880283	+	11.22	CAGATGC
2-CAGATGS	STREME-2	chr12	110183721	110183727	-	11.22	CAGATGC
2-CAGATGS	STREME-2	chr4	48779740	48779746	-	11.22	CAGATGC
2-CAGATGS	STREME-2	chr12	109606592	109606598	+	10.74	CGTATGC
2-CAGATGS	STREME-2	chr12	109606592	109606598	+	10.74	CGTATGC
2-CAGATGS	STREME-2	chr12	109606592	109606598	+	10.74	CGTATGC
2-CAGATGS	STREME-2	chr12	109606592	109606598	+	10.74	CGTATGC
2-CAGATGS	STREME-2	chr12	109606592	109606598	+	10.74	CGTATGC
2-CAGATGS	STREME-2	chr12	109606592	109606598	+	10.74	CGTATGC
2-CAGATGS	STREME-2	chr6	32853769	32853775	+	10.53	CATATGC
2-CAGATGS	STREME-2	chr8	91867364	91867370	-	10.53	CATATGC
2-CAGATGS	STREME-2	chr6	32853769	32853775	+	10.53	CATATGC
2-CAGATGS	STREME-2	chr8	3469634	3469640	-	10.53	CATATGC
2-CAGATGS	STREME-2	chr8	3469635	3469641	+	10.53	CATATGC
2-CAGATGS	STREME-2	chr6	32853769	32853775	+	10.53	CATATGC
2-CAGATGS	STREME-2	chr8	3469634	3469640	-	10.53	CATATGC
2-CAGATGS	STREME-2	chr8	3469635	3469641	+	10.53	CATATGC
2-CAGATGS	STREME-2	chr6	32853769	32853775	+	10.53	CATATGC
2-CAGATGS	STREME-2	chr8	3469634	3469640	-	10.53	CATATGC
2-CAGATGS	STREME-2	chr8	3469635	3469641	+	10.53	CATATGC
2-CAGATGS	STREME-2	chr16	66604737	66604743	-	10.53	CATATGC
2-CAGATGS	STREME-2	chr17	73770943	73770949	+	10.36	CAGATGG
2-CAGATGS	STREME-2	chr12	49974606	49974612	+	10.36	CAGATGG
2-CAGATGS	STREME-2	chr4	107979739	107979745	-	10.36	CAGATGG
2-CAGATGS	STREME-2	chr8	3469566	3469572	-	10.36	CAGATGG
2-CAGATGS	STREME-2	chr17	73770943	73770949	+	10.36	CAGATGG
2-CAGATGS	STREME-2	chr12	49974606	49974612	+	10.36	CAGATGG
2-CAGATGS	STREME-2	chr4	107979739	107979745	-	10.36	CAGATGG
2-CAGATGS	STREME-2	chr17	73770943	73770949	+	10.36	CAGATGG
2-CAGATGS	STREME-2	chr8	3469566	3469572	-	10.36	CAGATGG
2-CAGATGS	STREME-2	chr17	73770943	73770949	+	10.36	CAGATGG
2-CAGATGS	STREME-2	chr4	107979739	107979745	-	10.36	CAGATGG
2-CAGATGS	STREME-2	chr12	49974606	49974612	+	10.36	CAGATGG
2-CAGATGS	STREME-2	chr11	47642140	47642146	-	9.77	CAGATCC
2-CAGATGS	STREME-2	chr11	47642140	47642146	-	9.77	CAGATCC
2-CAGATGS	STREME-2	chr6	32969313	32969319	-	9.77	CAGATCC
2-CAGATGS	STREME-2	chr12	106178131	106178137	-	9.77	CAGATCC
2-CAGATGS	STREME-2	chr6	32853768	32853774	-	9.67	CATATGG
2-CAGATGS	STREME-2	chr8	11902367	11902373	+	9.67	CATATGG
2-CAGATGS	STREME-2	chr8	91867365	91867371	+	9.67	CATATGG
2-CAGATGS	STREME-2	chr6	32853768	32853774	-	9.67	CATATGG
2-CAGATGS	STREME-2	chr8	11902258	11902264	+	9.67	CATATGG
2-CAGATGS	STREME-2	chr6	32853768	32853774	-	9.67	CATATGG
2-CAGATGS	STREME-2	chr6	32853768	32853774	-	9.67	CATATGG
2-CAGATGS	STREME-2	chr8	69832539	69832545	+	8.99	CGCATCG
2-CAGATGS	STREME-2	chr16	57131717	57131723	+	8.88	CAGATAC
2-CAGATGS	STREME-2	chr16	57131717	57131723	+	8.88	CAGATAC
2-CAGATGS	STREME-2	chr2	28539178	28539184	-	8.88	CAGATAC
2-CAGATGS	STREME-2	chr16	57131717	57131723	+	8.88	CAGATAC
2-CAGATGS	STREME-2	chr16	57131717	57131723	+	8.88	CAGATAC
2-CAGATGS	STREME-2	chr2	28539178	28539184	-	8.88	CAGATAC
2-CAGATGS	STREME-2	chr19	6241665	6241671	-	8.73	CGGACGC
2-CAGATGS	STREME-2	chr12	12813225	12813231	+	8.43	CAGACGC
2-CAGATGS	STREME-2	chr12	12813225	12813231	+	8.43	CAGACGC
2-CAGATGS	STREME-2	chr7	73683184	73683190	+	8.30	CACATGC
2-CAGATGS	STREME-2	chr19	30420073	30420079	-	8.30	CACATGC
2-CAGATGS	STREME-2	chr8	3469606	3469612	+	8.30	CACATGC
2-CAGATGS	STREME-2	chr6	32968963	32968969	+	8.30	CACATGC
2-CAGATGS	STREME-2	chr6	32968963	32968969	+	8.30	CACATGC
2-CAGATGS	STREME-2	chr7	73683184	73683190	+	8.30	CACATGC
2-CAGATGS	STREME-2	chr1	19251489	19251495	+	8.30	CACATGC
2-CAGATGS	STREME-2	chr1	19251489	19251495	+	8.30	CACATGC
2-CAGATGS	STREME-2	chr1	19251489	19251495	+	8.30	CACATGC
2-CAGATGS	STREME-2	chr7	73683184	73683190	+	8.30	CACATGC
2-CAGATGS	STREME-2	chr8	3469606	3469612	+	8.30	CACATGC
2-CAGATGS	STREME-2	chr7	73683184	73683190	+	8.30	CACATGC
2-CAGATGS	STREME-2	chr19	30420073	30420079	-	8.30	CACATGC
2-CAGATGS	STREME-2	chr1	19251489	19251495	+	8.30	CACATGC
2-CAGATGS	STREME-2	chr19	30420073	30420079	-	8.30	CACATGC
2-CAGATGS	STREME-2	chr6	32968963	32968969	+	8.30	CACATGC
2-CAGATGS	STREME-2	chr7	73683184	73683190	+	8.30	CACATGC
2-CAGATGS	STREME-2	chr6	32968963	32968969	+	8.30	CACATGC
2-CAGATGS	STREME-2	chr7	73683184	73683190	+	8.30	CACATGC
2-CAGATGS	STREME-2	chr1	43358572	43358578	-	8.30	CACATGC
#
3-CGGGAGGCS	STREME-3	chr19	6241592	6241600	-	17.39	CGGGAGGCG
3-CGGGAGGCS	STREME-3	chr19	6241592	6241600	-	17.39	CGGGAGGCG
3-CGGGAGGCS	STREME-3	chr19	6241592	6241600	-	17.39	CGGGAGGCG
3-CGGGAGGCS	STREME-3	chr19	6241592	6241600	-	17.39	CGGGAGGCG
3-CGGGAGGCS	STREME-3	chr19	6241592	6241600	-	17.39	CGGGAGGCG
3-CGGGAGGCS	STREME-3	chr19	6241592	6241600	-	17.39	CGGGAGGCG
3-CGGGAGGCS	STREME-3	chr16	66604803	66604811	-	14.70	CGGGAGGCC
3-CGGGAGGCS	STREME-3	chr13	94706939	94706947	+	14.09	CGGGAGGAG
3-CGGGAGGCS	STREME-3	chr13	94706939	94706947	+	14.09	CGGGAGGAG
3-CGGGAGGCS	STREME-3	chr8	123042540	123042548	+	12.40	CGGGACACG
3-CGGGAGGCS	STREME-3	chr8	123042540	123042548	+	12.40	CGGGACACG
3-CGGGAGGCS	STREME-3	chr6	32853727	32853735	-	11.90	CGGGAAGAC
3-CGGGAGGCS	STREME-3	chr6	32853727	32853735	-	11.90	CGGGAAGAC
3-CGGGAGGCS	STREME-3	chr6	32853727	32853735	-	11.90	CGGGAAGAC
3-CGGGAGGCS	STREME-3	chr6	32853727	32853735	-	11.90	CGGGAAGAC
3-CGGGAGGCS	STREME-3	chr8	91867345	91867353	-	11.82	AGGGAGGCG
3-CGGGAGGCS	STREME-3	chr6	118680914	118680922	+	11.11	CGGAAGGAG
3-CGGGAGGCS	STREME-3	chr12	12813153	12813161	-	10.45	CTGGAGGCC
3-CGGGAGGCS	STREME-3	chr12	12813153	12813161	-	10.45	CTGGAGGCC
3-CGGGAGGCS	STREME-3	chr12	12813153	12813161	-	10.45	CTGGAGGCC
3-CGGGAGGCS	STREME-3	chr12	12813153	12813161	-	10.45	CTGGAGGCC
3-CGGGAGGCS	STREME-3	chr12	12813153	12813161	-	10.45	CTGGAGGCC
3-CGGGAGGCS	STREME-3	chr8	123042427	123042435	-	10.42	CGGAAGCCG
3-CGGGAGGCS	STREME-3	chr8	123042457	123042465	+	10.27	AGGGAGACG
3-CGGGAGGCS	STREME-3	chr8	123042457	123042465	+	10.27	AGGGAGACG
3-CGGGAGGCS	STREME-3	chr8	123042457	123042465	+	10.27	AGGGAGACG
3-CGGGAGGCS	STREME-3	chr6	112880298	112880306	-	10.03	CGAGAGGAG
3-CGGGAGGCS	STREME-3	chr4	136864879	136864887	-	9.12	CGGTAAGAG
3-CGGGAGGCS	STREME-3	chr17	75507106	75507114	+	8.85	CGGTTGACG
#
4-RCAAGGVAGCW	STREME-4	chr17	73771008	73771018	+	16.05	ACAAGGAAGCT
4-RCAAGGVAGCW	STREME-4	chr17	73771008	73771018	+	16.05	ACAAGGAAGCT
4-RCAAGGVAGCW	STREME-4	chr12	12813170	12813180	-	15.22	ACAAGGAAGCA
4-RCAAGGVAGCW	STREME-4	chr12	12813170	12813180	-	15.22	ACAAGGAAGCA
4-RCAAGGVAGCW	STREME-4	chr12	12813170	12813180	-	15.22	ACAAGGAAGCA
4-RCAAGGVAGCW	STREME-4	chr12	12813170	12813180	-	15.22	ACAAGGAAGCA
4-RCAAGGVAGCW	STREME-4	chr12	12813170	12813180	-	15.22	ACAAGGAAGCA
4-RCAAGGVAGCW	STREME-4	chr17	45942324	45942334	-	14.17	GCAAGGTAGCA
4-RCAAGGVAGCW	STREME-4	chr17	45942324	45942334	-	14.17	GCAAGGTAGCA
4-RCAAGGVAGCW	STREME-4	chr17	45942324	45942334	-	14.17	GCAAGGTAGCA
4-RCAAGGVAGCW	STREME-4	chr17	45942324	45942334	-	14.17	GCAAGGTAGCA
4-RCAAGGVAGCW	STREME-4	chr2	28751417	28751427	-	13.89	GCAAGGCGGCT
4-RCAAGGVAGCW	STREME-4	chr2	28751417	28751427	-	13.89	GCAAGGCGGCT
4-RCAAGGVAGCW	STREME-4	chr2	28751417	28751427	-	13.89	GCAAGGCGGCT
4-RCAAGGVAGCW	STREME-4	chr2	28751417	28751427	-	13.89	GCAAGGCGGCT
4-RCAAGGVAGCW	STREME-4	chr7	73683196	73683206	+	13.68	ACAAGGGACCT
4-RCAAGGVAGCW	STREME-4	chr7	73683196	73683206	+	13.68	ACAAGGGACCT
4-RCAAGGVAGCW	STREME-4	chr7	73683196	73683206	+	13.68	ACAAGGGACCT
4-RCAAGGVAGCW	STREME-4	chr7	73683196	73683206	+	13.68	ACAAGGGACCT
4-RCAAGGVAGCW	STREME-4	chr7	73683196	73683206	+	13.68	ACAAGGGACCT
4-RCAAGGVAGCW	STREME-4	chr7	73683196	73683206	+	13.68	ACAAGGGACCT
4-RCAAGGVAGCW	STREME-4	chr17	4940533	4940543	+	12.36	CCAAGGAAGCA
4-RCAAGGVAGCW	STREME-4	chr13	94706893	94706903	-	11.54	ACAAGGCTGCT
4-RCAAGGVAGCW	STREME-4	chr13	94706893	94706903	-	11.54	ACAAGGCTGCT
4-RCAAGGVAGCW	STREME-4	chr17	81419981	81419991	+	10.96	ACAAAGGAGCT
4-RCAAGGVAGCW	STREME-4	chr11	47642096	47642106	+	9.23	GCAAGGAAACG
4-RCAAGGVAGCW	STREME-4	chr11	111512756	111512766	+	8.91	CCAAGTCAGCT
4-RCAAGGVAGCW	STREME-4	chr11	72750382	72750392	-	8.48	ACAAAGAAGCC
4-RCAAGGVAGCW	STREME-4	chr12	110183652	110183662	+	8.37	ACTGGGAAGGT
4-RCAAGGVAGCW	STREME-4	chr12	110183652	110183662	+	8.37	ACTGGGAAGGT
4-RCAAGGVAGCW	STREME-4	chr12	110183652	110183662	+	8.37	ACTGGGAAGGT
#
5-GATTAGC	STREME-5	chr17	45942298	45942304	-	13.13	GATTAGC
5-GATTAGC	STREME-5	chr17	45942298	45942304	-	13.13	GATTAGC
5-GATTAGC	STREME-5	chr17	45942298	45942304	-	13.13	GATTAGC
5-GATTAGC	STREME-5	chr17	45942298	45942304	-	13.13	GATTAGC
5-GATTAGC	STREME-5	chr6	4397662	4397668	-	13.13	GATTAGC
5-GATTAGC	STREME-5	chr17	45942298	45942304	-	13.13	GATTAGC
5-GATTAGC	STREME-5	chr6	137560685	137560691	+	13.13	GATTAGC
5-GATTAGC	STREME-5	chr17	45942298	45942304	-	13.13	GATTAGC
5-GATTAGC	STREME-5	chr6	4397662	4397668	-	13.13	GATTAGC
5-GATTAGC	STREME-5	chr6	4397662	4397668	-	13.13	GATTAGC
5-GATTAGC	STREME-5	chr19	6241603	6241609	-	11.44	GATTGGC
5-GATTAGC	STREME-5	chr19	6241603	6241609	-	11.44	GATTGGC
5-GATTAGC	STREME-5	chr19	6241603	6241609	-	11.44	GATTGGC
5-GATTAGC	STREME-5	chr8	123042475	123042481	+	11.44	GATTGGC
5-GATTAGC	STREME-5	chr8	123042519	123042525	+	11.44	GATTGGC
5-GATTAGC	STREME-5	chr8	123042475	123042481	+	11.44	GATTGGC
5-GATTAGC	STREME-5	chr8	123042519	123042525	+	11.44	GATTGGC
5-GATTAGC	STREME-5	chr8	25197350	25197356	-	11.44	GATTGGC
5-GATTAGC	STREME-5	chr8	25197350	25197356	-	11.44	GATTGGC
5-GATTAGC	STREME-5	chr8	123042475	123042481	+	11.44	GATTGGC
5-GATTAGC	STREME-5	chr8	123042519	123042525	+	11.44	GATTGGC
5-GATTAGC	STREME-5	chr8	123042551	123042557	+	11.44	GATTGGC
5-GATTAGC	STREME-5	chr19	6241603	6241609	-	11.44	GATTGGC
5-GATTAGC	STREME-5	chr8	123042475	123042481	+	11.44	GATTGGC
5-GATTAGC	STREME-5	chr8	123042519	123042525	+	11.44	GATTGGC
5-GATTAGC	STREME-5	chr19	6241603	6241609	-	11.44	GATTGGC
5-GATTAGC	STREME-5	chr19	6241603	6241609	-	11.44	GATTGGC
5-GATTAGC	STREME-5	chr11	47642169	47642175	+	10.42	GTTTAGC
5-GATTAGC	STREME-5	chr11	47642169	47642175	+	10.42	GTTTAGC
5-GATTAGC	STREME-5	chr11	47642169	47642175	+	10.42	GTTTAGC
5-GATTAGC	STREME-5	chr11	47642169	47642175	+	10.42	GTTTAGC
5-GATTAGC	STREME-5	chr11	47642169	47642175	+	10.42	GTTTAGC
5-GATTAGC	STREME-5	chr2	142334442	142334448	+	9.34	GATTAGT
5-GATTAGC	STREME-5	chr12	111766831	111766837	+	9.25	GATGAGC
5-GATTAGC	STREME-5	chr12	111766831	111766837	+	9.25	GATGAGC
5-GATTAGC	STREME-5	chr10	100671259	100671265	-	8.86	GATAAGC
#
6-TTAATGCA	STREME-6	chr17	45942255	45942262	+	14.38	TTAATGCA
6-TTAATGCA	STREME-6	chr17	45942259	45942266	-	14.38	TTAATGCA
6-TTAATGCA	STREME-6	chr17	45942255	45942262	+	14.38	TTAATGCA
6-TTAATGCA	STREME-6	chr17	45942259	45942266	-	14.38	TTAATGCA
6-TTAATGCA	STREME-6	chr17	45942255	45942262	+	14.38	TTAATGCA
6-TTAATGCA	STREME-6	chr17	45942259	45942266	-	14.38	TTAATGCA
6-TTAATGCA	STREME-6	chr17	45942255	45942262	+	14.38	TTAATGCA
6-TTAATGCA	STREME-6	chr17	45942259	45942266	-	14.38	TTAATGCA
6-TTAATGCA	STREME-6	chr17	45942255	45942262	+	14.38	TTAATGCA
6-TTAATGCA	STREME-6	chr17	45942259	45942266	-	14.38	TTAATGCA
6-TTAATGCA	STREME-6	chr6	32969353	32969360	-	14.38	TTAATGCA
6-TTAATGCA	STREME-6	chr7	73683108	73683115	-	12.64	TTAATCCA
6-TTAATGCA	STREME-6	chr7	73683108	73683115	-	12.64	TTAATCCA
6-TTAATGCA	STREME-6	chr7	73683108	73683115	-	12.64	TTAATCCA
6-TTAATGCA	STREME-6	chr7	73683108	73683115	-	12.64	TTAATCCA
6-TTAATGCA	STREME-6	chr7	73683108	73683115	-	12.64	TTAATCCA
6-TTAATGCA	STREME-6	chr4	107979720	107979727	-	11.79	TTAAGGCA
6-TTAATGCA	STREME-6	chr4	107979720	107979727	-	11.79	TTAAGGCA
6-TTAATGCA	STREME-6	chr4	107979720	107979727	-	11.79	TTAAGGCA
6-TTAATGCA	STREME-6	chr4	107979720	107979727	-	11.79	TTAAGGCA
6-TTAATGCA	STREME-6	chr3	69542923	69542930	-	11.69	TTAATGCC
6-TTAATGCA	STREME-6	chr3	69542923	69542930	-	11.69	TTAATGCC
6-TTAATGCA	STREME-6	chr3	69542923	69542930	-	11.69	TTAATGCC
6-TTAATGCA	STREME-6	chr6	32853687	32853694	+	11.16	TTAATTCA
6-TTAATGCA	STREME-6	chr6	32853687	32853694	+	11.16	TTAATTCA
6-TTAATGCA	STREME-6	chr6	32853687	32853694	+	11.16	TTAATTCA
6-TTAATGCA	STREME-6	chr6	32853687	32853694	+	11.16	TTAATTCA
6-TTAATGCA	STREME-6	chr11	72750366	72750373	+	10.51	GTAATGCA
6-TTAATGCA	STREME-6	chr19	14777271	14777278	+	10.27	TTAATGAA
6-TTAATGCA	STREME-6	chr11	47642114	47642121	+	10.10	TTAGTGCA
6-TTAATGCA	STREME-6	chr1	7313346	7313353	+	9.92	TTTATGCA
6-TTAATGCA	STREME-6	chr16	66604782	66604789	+	9.89	TCAATGCA
